hh_size,mean.income
1,624.358974358974
2,325
3,1251.11111111111
4,572
5,521.428571428571
6,360.2
7+,245
